id,name,age,address,phone,email,city,country,created_at,updated_at,deleted_at,status,website,numberPasspowrt,password,adn,visa,mastercard,maestro,amex,discover,visaElectron,amexElectron,maestroElectron,discoverElectron,maestroElectron,amexElectron,maestroElectron,amexElectron
id,name,age,address,phone,email,city,country,created_at,updated_at,deleted_at,status,website,numberPasspowrt,password,adn,visa,mastercard,maestro,amex,discover,visaElectron,amexElectron,maestroElectron,discoverElectron,maestroElectron,amexElectron,maestroElectron,amexElectron
id,name,age,address,phone,email,city,country,created_at,updated_at,deleted_at,status,website,numberPasspowrt,password,adn,visa,mastercard,maestro,amex,discover,visaElectron,amexElectron,maestroElectron,discoverElectron,maestroElectron,amexElectron,maestroElectron,amexElectron
id,name,age,address,phone,email,city,country,created_at,updated_at,deleted_at,status,website,numberPasspowrt,password,adn,visa,mastercard,maestro,amex,discover,visaElectron,amexElectron,maestroElectron,discoverElectron,maestroElectron,amexElectron,maestroElectron,amexElectron
id,name,age,address,phone,email,city,country,created_at,updated_at,deleted_at,status,website,numberPasspowrt,password,adn,visa,mastercard,maestro,amex,discover,visaElectron,amexElectron,maestroElectron,discoverElectron,maestroElectron,amexElectron,maestroElectron,amexElectron
id,name,age,address,phone,email,city,country,created_at,updated_at,deleted_at,status,website,numberPasspowrt,password,adn,visa,mastercard,maestro,amex,discover,visaElectron,amexElectron,maestroElectron,discoverElectron,maestroElectron,amexElectron,maestroElectron,amexElectron
id,name,age,address,phone,email,city,country,created_at,updated_at,deleted_at,status,website,numberPasspowrt,password,adn,visa,mastercard,maestro,amex,discover,visaElectron,amexElectron,maestroElectron,discoverElectron,maestroElectron,amexElectron,maestroElectron,amexElectron
id,name,age,address,phone,email,city,country,created_at,updated_at,deleted_at,status,website,numberPasspowrt,password,adn,visa,mastercard,maestro,amex,discover,visaElectron,amexElectron,maestroElectron,discoverElectron,maestroElectron,amexElectron,maestroElectron,amexElectron
id,name,age,address,phone,email,city,country,created_at,updated_at,deleted_at,status,website,numberPasspowrt,password,adn,visa,mastercard,maestro,amex,discover,visaElectron,amexElectron,maestroElectron,discoverElectron,maestroElectron,amexElectron,maestroElectron,amexElectron
id,name,age,address,phone,email,city,country,created_at,updated_at,deleted_at,status,website,numberPasspowrt,password,adn,visa,mastercard,maestro,amex,discover,visaElectron,amexElectron,maestroElectron,discoverElectron,maestroElectron,amexElectron,maestroElectron,amexElectron
id,name,age,address,phone,email,city,country,created_at,updated_at,deleted_at,status,website,numberPasspowrt,password,adn,visa,mastercard,maestro,amex,discover,visaElectron,amexElectron,maestroElectron,discoverElectron,maestroElectron,amexElectron,maestroElectron,amexElectron
id,name,age,address,phone,email,city,country,created_at,updated_at,deleted_at,status,website,numberPasspowrt,password,adn,visa,mastercard,maestro,amex,discover,visaElectron,amexElectron,maestroElectron,discoverElectron,maestroElectron,amexElectron,maestroElectron,amexElectron
id,name,age,address,phone,email,city,country,created_at,updated_at,deleted_at,status,website,numberPasspowrt,password,adn,visa,mastercard,maestro,amex,discover,visaElectron,amexElectron,maestroElectron,discoverElectron,maestroElectron,amexElectron,maestroElectron,amexElectron
id,name,age,address,phone,email,city,country,created_at,updated_at,deleted_at,status,website,numberPasspowrt,password,adn,visa,mastercard,maestro,amex,discover,visaElectron,amexElectron,maestroElectron,discoverElectron,maestroElectron,amexElectron,maestroElectron,amexElectron
id,name,age,address,phone,email,city,country,created_at,updated_at,deleted_at,status,website,numberPasspowrt,password,adn,visa,mastercard,maestro,amex,discover,visaElectron,amexElectron,maestroElectron,discoverElectron,maestroElectron,amexElectron,maestroElectron,amexElectron
id,name,age,address,phone,email,city,country,created_at,updated_at,deleted_at,status,website,numberPasspowrt,password,adn,visa,mastercard,maestro,amex,discover,visaElectron,amexElectron,maestroElectron,discoverElectron,maestroElectron,amexElectron,maestroElectron,amexElectron
id,name,age,address,phone,email,city,country,created_at,updated_at,deleted_at,status,website,numberPasspowrt,password,adn,visa,mastercard,maestro,amex,discover,visaElectron,amexElectron,maestroElectron,discoverElectron,maestroElectron,amexElectron,maestroElectron,amexElectron
id,name,age,address,phone,email,city,country,created_at,updated_at,deleted_at,status,website,numberPasspowrt,password,adn,visa,mastercard,maestro,amex,discover,visaElectron,amexElectron,maestroElectron,discoverElectron,maestroElectron,amexElectron,maestroElectron,amexElectron
id,name,age,address,phone,email,city,country,created_at,updated_at,deleted_at,status,website,numberPasspowrt,password,adn,visa,mastercard,maestro,amex,discover,visaElectron,amexElectron,maestroElectron,discoverElectron,maestroElectron,amexElectron,maestroElectron,amexElectron
id,name,age,address,phone,email,city,country,created_at,updated_at,deleted_at,status,website,numberPasspowrt,password,adn,visa,mastercard,maestro,amex,discover,visaElectron,amexElectron,maestroElectron,discoverElectron,maestroElectron,amexElectron,maestroElectron,amexElectron
id,name,age,address,phone,email,city,country,created_at,updated_at,deleted_at,status,website,numberPasspowrt,password,adn,visa,mastercard,maestro,amex,discover,visaElectron,amexElectron,maestroElectron,discoverElectron,maestroElectron,amexElectron,maestroElectron,amexElectron
id,name,age,address,phone,email,city,country,created_at,updated_at,deleted_at,status,website,numberPasspowrt,password,adn,visa,mastercard,maestro,amex,discover,visaElectron,amexElectron,maestroElectron,discoverElectron,maestroElectron,amexElectron,maestroElectron,amexElectron
id,name,age,address,phone,email,city,country,created_at,updated_at,deleted_at,status,website,numberPasspowrt,password,adn,visa,mastercard,maestro,amex,discover,visaElectron,amexElectron,maestroElectron,discoverElectron,maestroElectron,amexElectron,maestroElectron,amexElectron
id,name,age,address,phone,email,city,country,created_at,updated_at,deleted_at,status,website,numberPasspowrt,password,adn,visa,mastercard,maestro,amex,discover,visaElectron,amexElectron,maestroElectron,discoverElectron,maestroElectron,amexElectron,maestroElectron,amexElectron
id,name,age,address,phone,email,city,country,created_at,updated_at,deleted_at,status,website,numberPasspowrt,password,adn,visa,mastercard,maestro,amex,discover,visaElectron,amexElectron,maestroElectron,discoverElectron,maestroElectron,amexElectron,maestroElectron,amexElectron
id,name,age,address,phone,email,city,country,created_at,updated_at,deleted_at,status,website,numberPasspowrt,password,adn,visa,mastercard,maestro,amex,discover,visaElectron,amexElectron,maestroElectron,discoverElectron,maestroElectron,amexElectron,maestroElectron,amexElectron
id,name,age,address,phone,email,city,country,created_at,updated_at,deleted_at,status,website,numberPasspowrt,password,adn,visa,mastercard,maestro,amex,discover,visaElectron,amexElectron,maestroElectron,discoverElectron,maestroElectron,amexElectron,maestroElectron,amexElectron
id,name,age,address,phone,email,city,country,created_at,updated_at,deleted_at,status,website,numberPasspowrt,password,adn,visa,mastercard,maestro,amex,discover,visaElectron,amexElectron,maestroElectron,discoverElectron,maestroElectron,amexElectron,maestroElectron,amexElectron
id,name,age,address,phone,email,city,country,created_at,updated_at,deleted_at,status,website,numberPasspowrt,password,adn,visa,mastercard,maestro,amex,discover,visaElectron,amexElectron,maestroElectron,discoverElectron,maestroElectron,amexElectron,maestroElectron,amexElectron
id,name,age,address,phone,email,city,country,created_at,updated_at,deleted_at,status,website,numberPasspowrt,password,adn,visa,mastercard,maestro,amex,discover,visaElectron,amexElectron,maestroElectron,discoverElectron,maestroElectron,amexElectron,maestroElectron,amexElectron
id,name,age,address,phone,email,city,country,created_at,updated_at,deleted_at,status,website,numberPasspowrt,password,adn,visa,mastercard,maestro,amex,discover,visaElectron,amexElectron,maestroElectron,discoverElectron,maestroElectron,amexElectron,maestroElectron,amexElectron
id,name,age,address,phone,email,city,country,created_at,updated_at,deleted_at,status,website,numberPasspowrt,password,adn,visa,mastercard,maestro,amex,discover,visaElectron,amexElectron,maestroElectron,discoverElectron,maestroElectron,amexElectron,maestroElectron,amexElectron
id,name,age,address,phone,email,city,country,created_at,updated_at,deleted_at,status,website,numberPasspowrt,password,adn,visa,mastercard,maestro,amex,discover,visaElectron,amexElectron,maestroElectron,discoverElectron,maestroElectron,amexElectron,maestroElectron,amexElectron
id,name,age,address,phone,email,city,country,created_at,updated_at,deleted_at,status,website,numberPasspowrt,password,adn,visa,mastercard,maestro,amex,discover,visaElectron,amexElectron,maestroElectron,discoverElectron,maestroElectron,amexElectron,maestroElectron,amexElectron
id,name,age,address,phone,email,city,country,created_at,updated_at,deleted_at,status,website,numberPasspowrt,password,adn,visa,mastercard,maestro,amex,discover,visaElectron,amexElectron,maestroElectron,discoverElectron,maestroElectron,amexElectron,maestroElectron,amexElectron
id,name,age,address,phone,email,city,country,created_at,updated_at,deleted_at,status,website,numberPasspowrt,password,adn,visa,mastercard,maestro,amex,discover,visaElectron,amexElectron,maestroElectron,discoverElectron,maestroElectron,amexElectron,maestroElectron,amexElectron
id,name,age,address,phone,email,city,country,created_at,updated_at,deleted_at,status,website,numberPasspowrt,password,adn,visa,mastercard,maestro,amex,discover,visaElectron,amexElectron,maestroElectron,discoverElectron,maestroElectron,amexElectron,maestroElectron,amexElectron
id,name,age,address,phone,email,city,country,created_at,updated_at,deleted_at,status,website,numberPasspowrt,password,adn,visa,mastercard,maestro,amex,discover,visaElectron,amexElectron,maestroElectron,discoverElectron,maestroElectron,amexElectron,maestroElectron,amexElectron
id,name,age,address,phone,email,city,country,created_at,updated_at,deleted_at,status,website,numberPasspowrt,password,adn,visa,mastercard,maestro,amex,discover,visaElectron,amexElectron,maestroElectron,discoverElectron,maestroElectron,amexElectron,maestroElectron,amexElectron
id,name,age,address,phone,email,city,country,created_at,updated_at,deleted_at,status,website,numberPasspowrt,password,adn,visa,mastercard,maestro,amex,discover,visaElectron,amexElectron,maestroElectron,discoverElectron,maestroElectron,amexElectron,maestroElectron,amexElectron
id,name,age,address,phone,email,city,country,created_at,updated_at,deleted_at,status,website,numberPasspowrt,password,adn,visa,mastercard,maestro,amex,discover,visaElectron,amexElectron,maestroElectron,discoverElectron,maestroElectron,amexElectron,maestroElectron,amexElectron
id,name,age,address,phone,email,city,country,created_at,updated_at,deleted_at,status,website,numberPasspowrt,password,adn,visa,mastercard,maestro,amex,discover,visaElectron,amexElectron,maestroElectron,discoverElectron,maestroElectron,amexElectron,maestroElectron,amexElectron
id,name,age,address,phone,email,city,country,created_at,updated_at,deleted_at,status,website,numberPasspowrt,password,adn,visa,mastercard,maestro,amex,discover,visaElectron,amexElectron,maestroElectron,discoverElectron,maestroElectron,amexElectron,maestroElectron,amexElectron
id,name,age,address,phone,email,city,country,created_at,updated_at,deleted_at,status,website,numberPasspowrt,password,adn,visa,mastercard,maestro,amex,discover,visaElectron,amexElectron,maestroElectron,discoverElectron,maestroElectron,amexElectron,maestroElectron,amexElectron
id,name,age,address,phone,email,city,country,created_at,updated_at,deleted_at,status,website,numberPasspowrt,password,adn,visa,mastercard,maestro,amex,discover,visaElectron,amexElectron,maestroElectron,discoverElectron,maestroElectron,amexElectron,maestroElectron,amexElectron
id,name,age,address,phone,email,city,country,created_at,updated_at,deleted_at,status,website,numberPasspowrt,password,adn,visa,mastercard,maestro,amex,discover,visaElectron,amexElectron,maestroElectron,discoverElectron,maestroElectron,amexElectron,maestroElectron,amexElectron
id,name,age,address,phone,email,city,country,created_at,updated_at,deleted_at,status,website,numberPasspowrt,password,adn,visa,mastercard,maestro,amex,discover,visaElectron,amexElectron,maestroElectron,discoverElectron,maestroElectron,amexElectron,maestroElectron,amexElectron
id,name,age,address,phone,email,city,country,created_at,updated_at,deleted_at,status,website,numberPasspowrt,password,adn,visa,mastercard,maestro,amex,discover,visaElectron,amexElectron,maestroElectron,discoverElectron,maestroElectron,amexElectron,maestroElectron,amexElectron
id,name,age,address,phone,email,city,country,created_at,updated_at,deleted_at,status,website,numberPasspowrt,password,adn,visa,mastercard,maestro,amex,discover,visaElectron,amexElectron,maestroElectron,discoverElectron,maestroElectron,amexElectron,maestroElectron,amexElectron
id,name,age,address,phone,email,city,country,created_at,updated_at,deleted_at,status,website,numberPasspowrt,password,adn,visa,mastercard,maestro,amex,discover,visaElectron,amexElectron,maestroElectron,discoverElectron,maestroElectron,amexElectron,maestroElectron,amexElectron
id,name,age,address,phone,email,city,country,created_at,updated_at,deleted_at,status,website,numberPasspowrt,password,adn,visa,mastercard,maestro,amex,discover,visaElectron,amexElectron,maestroElectron,discoverElectron,maestroElectron,amexElectron,maestroElectron,amexElectron
id,name,age,address,phone,email,city,country,created_at,updated_at,deleted_at,status,website,numberPasspowrt,password,adn,visa,mastercard,maestro,amex,discover,visaElectron,amexElectron,maestroElectron,discoverElectron,maestroElectron,amexElectron,maestroElectron,amexElectron
id,name,age,address,phone,email,city,country,created_at,updated_at,deleted_at,status,website,numberPasspowrt,password,adn,visa,mastercard,maestro,amex,discover,visaElectron,amexElectron,maestroElectron,discoverElectron,maestroElectron,amexElectron,maestroElectron,amexElectron
id,name,age,address,phone,email,city,country,created_at,updated_at,deleted_at,status,website,numberPasspowrt,password,adn,visa,mastercard,maestro,amex,discover,visaElectron,amexElectron,maestroElectron,discoverElectron,maestroElectron,amexElectron,maestroElectron,amexElectron
id,name,age,address,phone,email,city,country,created_at,updated_at,deleted_at,status,website,numberPasspowrt,password,adn,visa,mastercard,maestro,amex,discover,visaElectron,amexElectron,maestroElectron,discoverElectron,maestroElectron,amexElectron,maestroElectron,amexElectron
id,name,age,address,phone,email,city,country,created_at,updated_at,deleted_at,status,website,numberPasspowrt,password,adn,visa,mastercard,maestro,amex,discover,visaElectron,amexElectron,maestroElectron,discoverElectron,maestroElectron,amexElectron,maestroElectron,amexElectron
id,name,age,address,phone,email,city,country,created_at,updated_at,deleted_at,status,website,numberPasspowrt,password,adn,visa,mastercard,maestro,amex,discover,visaElectron,amexElectron,maestroElectron,discoverElectron,maestroElectron,amexElectron,maestroElectron,amexElectron
id,name,age,address,phone,email,city,country,created_at,updated_at,deleted_at,status,website,numberPasspowrt,password,adn,visa,mastercard,maestro,amex,discover,visaElectron,amexElectron,maestroElectron,discoverElectron,maestroElectron,amexElectron,maestroElectron,amexElectron
id,name,age,address,phone,email,city,country,created_at,updated_at,deleted_at,status,website,numberPasspowrt,password,adn,visa,mastercard,maestro,amex,discover,visaElectron,amexElectron,maestroElectron,discoverElectron,maestroElectron,amexElectron,maestroElectron,amexElectron
id,name,age,address,phone,email,city,country,created_at,updated_at,deleted_at,status,website,numberPasspowrt,password,adn,visa,mastercard,maestro,amex,discover,visaElectron,amexElectron,maestroElectron,discoverElectron,maestroElectron,amexElectron,maestroElectron,amexElectron
id,name,age,address,phone,email,city,country,created_at,updated_at,deleted_at,status,website,numberPasspowrt,password,adn,visa,mastercard,maestro,amex,discover,visaElectron,amexElectron,maestroElectron,discoverElectron,maestroElectron,amexElectron,maestroElectron,amexElectron
id,name,age,address,phone,email,city,country,created_at,updated_at,deleted_at,status,website,numberPasspowrt,password,adn,visa,mastercard,maestro,amex,discover,visaElectron,amexElectron,maestroElectron,discoverElectron,maestroElectron,amexElectron,maestroElectron,amexElectron
id,name,age,address,phone,email,city,country,created_at,updated_at,deleted_at,status,website,numberPasspowrt,password,adn,visa,mastercard,maestro,amex,discover,visaElectron,amexElectron,maestroElectron,discoverElectron,maestroElectron,amexElectron,maestroElectron,amexElectron
id,name,age,address,phone,email,city,country,created_at,updated_at,deleted_at,status,website,numberPasspowrt,password,adn,visa,mastercard,maestro,amex,discover,visaElectron,amexElectron,maestroElectron,discoverElectron,maestroElectron,amexElectron,maestroElectron,amexElectron
id,name,age,address,phone,email,city,country,created_at,updated_at,deleted_at,status,website,numberPasspowrt,password,adn,visa,mastercard,maestro,amex,discover,visaElectron,amexElectron,maestroElectron,discoverElectron,maestroElectron,amexElectron,maestroElectron,amexElectron
id,name,age,address,phone,email,city,country,created_at,updated_at,deleted_at,status,website,numberPasspowrt,password,adn,visa,mastercard,maestro,amex,discover,visaElectron,amexElectron,maestroElectron,discoverElectron,maestroElectron,amexElectron,maestroElectron,amexElectron
id,name,age,address,phone,email,city,country,created_at,updated_at,deleted_at,status,website,numberPasspowrt,password,adn,visa,mastercard,maestro,amex,discover,visaElectron,amexElectron,maestroElectron,discoverElectron,maestroElectron,amexElectron,maestroElectron,amexElectron
id,name,age,address,phone,email,city,country,created_at,updated_at,deleted_at,status,website,numberPasspowrt,password,adn,visa,mastercard,maestro,amex,discover,visaElectron,amexElectron,maestroElectron,discoverElectron,maestroElectron,amexElectron,maestroElectron,amexElectron
id,name,age,address,phone,email,city,country,created_at,updated_at,deleted_at,status,website,numberPasspowrt,password,adn,visa,mastercard,maestro,amex,discover,visaElectron,amexElectron,maestroElectron,discoverElectron,maestroElectron,amexElectron,maestroElectron,amexElectron
id,name,age,address,phone,email,city,country,created_at,updated_at,deleted_at,status,website,numberPasspowrt,password,adn,visa,mastercard,maestro,amex,discover,visaElectron,amexElectron,maestroElectron,discoverElectron,maestroElectron,amexElectron,maestroElectron,amexElectron
id,name,age,address,phone,email,city,country,created_at,updated_at,deleted_at,status,website,numberPasspowrt,password,adn,visa,mastercard,maestro,amex,discover,visaElectron,amexElectron,maestroElectron,discoverElectron,maestroElectron,amexElectron,maestroElectron,amexElectron
id,name,age,address,phone,email,city,country,created_at,updated_at,deleted_at,status,website,numberPasspowrt,password,adn,visa,mastercard,maestro,amex,discover,visaElectron,amexElectron,maestroElectron,discoverElectron,maestroElectron,amexElectron,maestroElectron,amexElectron
id,name,age,address,phone,email,city,country,created_at,updated_at,deleted_at,status,website,numberPasspowrt,password,adn,visa,mastercard,maestro,amex,discover,visaElectron,amexElectron,maestroElectron,discoverElectron,maestroElectron,amexElectron,maestroElectron,amexElectron
id,name,age,address,phone,email,city,country,created_at,updated_at,deleted_at,status,website,numberPasspowrt,password,adn,visa,mastercard,maestro,amex,discover,visaElectron,amexElectron,maestroElectron,discoverElectron,maestroElectron,amexElectron,maestroElectron,amexElectron
id,name,age,address,phone,email,city,country,created_at,updated_at,deleted_at,status,website,numberPasspowrt,password,adn,visa,mastercard,maestro,amex,discover,visaElectron,amexElectron,maestroElectron,discoverElectron,maestroElectron,amexElectron,maestroElectron,amexElectron
id,name,age,address,phone,email,city,country,created_at,updated_at,deleted_at,status,website,numberPasspowrt,password,adn,visa,mastercard,maestro,amex,discover,visaElectron,amexElectron,maestroElectron,discoverElectron,maestroElectron,amexElectron,maestroElectron,amexElectron
id,name,age,address,phone,email,city,country,created_at,updated_at,deleted_at,status,website,numberPasspowrt,password,adn,visa,mastercard,maestro,amex,discover,visaElectron,amexElectron,maestroElectron,discoverElectron,maestroElectron,amexElectron,maestroElectron,amexElectron
id,name,age,address,phone,email,city,country,created_at,updated_at,deleted_at,status,website,numberPasspowrt,password,adn,visa,mastercard,maestro,amex,discover,visaElectron,amexElectron,maestroElectron,discoverElectron,maestroElectron,amexElectron,maestroElectron,amexElectron
id,name,age,address,phone,email,city,country,created_at,updated_at,deleted_at,status,website,numberPasspowrt,password,adn,visa,mastercard,maestro,amex,discover,visaElectron,amexElectron,maestroElectron,discoverElectron,maestroElectron,amexElectron,maestroElectron,amexElectron
id,name,age,address,phone,email,city,country,created_at,updated_at,deleted_at,status,website,numberPasspowrt,password,adn,visa,mastercard,maestro,amex,discover,visaElectron,amexElectron,maestroElectron,discoverElectron,maestroElectron,amexElectron,maestroElectron,amexElectron
id,name,age,address,phone,email,city,country,created_at,updated_at,deleted_at,status,website,numberPasspowrt,password,adn,visa,mastercard,maestro,amex,discover,visaElectron,amexElectron,maestroElectron,discoverElectron,maestroElectron,amexElectron,maestroElectron,amexElectron
id,name,age,address,phone,email,city,country,created_at,updated_at,deleted_at,status,website,numberPasspowrt,password,adn,visa,mastercard,maestro,amex,discover,visaElectron,amexElectron,maestroElectron,discoverElectron,maestroElectron,amexElectron,maestroElectron,amexElectron
id,name,age,address,phone,email,city,country,created_at,updated_at,deleted_at,status,website,numberPasspowrt,password,adn,visa,mastercard,maestro,amex,discover,visaElectron,amexElectron,maestroElectron,discoverElectron,maestroElectron,amexElectron,maestroElectron,amexElectron
id,name,age,address,phone,email,city,country,created_at,updated_at,deleted_at,status,website,numberPasspowrt,password,adn,visa,mastercard,maestro,amex,discover,visaElectron,amexElectron,maestroElectron,discoverElectron,maestroElectron,amexElectron,maestroElectron,amexElectron
id,name,age,address,phone,email,city,country,created_at,updated_at,deleted_at,status,website,numberPasspowrt,password,adn,visa,mastercard,maestro,amex,discover,visaElectron,amexElectron,maestroElectron,discoverElectron,maestroElectron,amexElectron,maestroElectron,amexElectron
id,name,age,address,phone,email,city,country,created_at,updated_at,deleted_at,status,website,numberPasspowrt,password,adn,visa,mastercard,maestro,amex,discover,visaElectron,amexElectron,maestroElectron,discoverElectron,maestroElectron,amexElectron,maestroElectron,amexElectron
id,name,age,address,phone,email,city,country,created_at,updated_at,deleted_at,status,website,numberPasspowrt,password,adn,visa,mastercard,maestro,amex,discover,visaElectron,amexElectron,maestroElectron,discoverElectron,maestroElectron,amexElectron,maestroElectron,amexElectron
id,name,age,address,phone,email,city,country,created_at,updated_at,deleted_at,status,website,numberPasspowrt,password,adn,visa,mastercard,maestro,amex,discover,visaElectron,amexElectron,maestroElectron,discoverElectron,maestroElectron,amexElectron,maestroElectron,amexElectron
id,name,age,address,phone,email,city,country,created_at,updated_at,deleted_at,status,website,numberPasspowrt,password,adn,visa,mastercard,maestro,amex,discover,visaElectron,amexElectron,maestroElectron,discoverElectron,maestroElectron,amexElectron,maestroElectron,amexElectron
id,name,age,address,phone,email,city,country,created_at,updated_at,deleted_at,status,website,numberPasspowrt,password,adn,visa,mastercard,maestro,amex,discover,visaElectron,amexElectron,maestroElectron,discoverElectron,maestroElectron,amexElectron,maestroElectron,amexElectron
id,name,age,address,phone,email,city,country,created_at,updated_at,deleted_at,status,website,numberPasspowrt,password,adn,visa,mastercard,maestro,amex,discover,visaElectron,amexElectron,maestroElectron,discoverElectron,maestroElectron,amexElectron,maestroElectron,amexElectron
id,name,age,address,phone,email,city,country,created_at,updated_at,deleted_at,status,website,numberPasspowrt,password,adn,visa,mastercard,maestro,amex,discover,visaElectron,amexElectron,maestroElectron,discoverElectron,maestroElectron,amexElectron,maestroElectron,amexElectron
id,name,age,address,phone,email,city,country,created_at,updated_at,deleted_at,status,website,numberPasspowrt,password,adn,visa,mastercard,maestro,amex,discover,visaElectron,amexElectron,maestroElectron,discoverElectron,maestroElectron,amexElectron,maestroElectron,amexElectron
id,name,age,address,phone,email,city,country,created_at,updated_at,deleted_at,status,website,numberPasspowrt,password,adn,visa,mastercard,maestro,amex,discover,visaElectron,amexElectron,maestroElectron,discoverElectron,maestroElectron,amexElectron,maestroElectron,amexElectron
id,name,age,address,phone,email,city,country,created_at,updated_at,deleted_at,status,website,numberPasspowrt,password,adn,visa,mastercard,maestro,amex,discover,visaElectron,amexElectron,maestroElectron,discoverElectron,maestroElectron,amexElectron,maestroElectron,amexElectron
id,name,age,address,phone,email,city,country,created_at,updated_at,deleted_at,status,website,numberPasspowrt,password,adn,visa,mastercard,maestro,amex,discover,visaElectron,amexElectron,maestroElectron,discoverElectron,maestroElectron,amexElectron,maestroElectron,amexElectron
id,name,age,address,phone,email,city,country,created_at,updated_at,deleted_at,status,website,numberPasspowrt,password,adn,visa,mastercard,maestro,amex,discover,visaElectron,amexElectron,maestroElectron,discoverElectron,maestroElectron,amexElectron,maestroElectron,amexElectron
id,name,age,address,phone,email,city,country,created_at,updated_at,deleted_at,status,website,numberPasspowrt,password,adn,visa,mastercard,maestro,amex,discover,visaElectron,amexElectron,maestroElectron,discoverElectron,maestroElectron,amexElectron,maestroElectron,amexElectron
id,name,age,address,phone,email,city,country,created_at,updated_at,deleted_at,status,website,numberPasspowrt,password,adn,visa,mastercard,maestro,amex,discover,visaElectron,amexElectron,maestroElectron,discoverElectron,maestroElectron,amexElectron,maestroElectron,amexElectron
id,name,age,address,phone,email,city,country,created_at,updated_at,deleted_at,status,website,numberPasspowrt,password,adn,visa,mastercard,maestro,amex,discover,visaElectron,amexElectron,maestroElectron,discoverElectron,maestroElectron,amexElectron,maestroElectron,amexElectron
